Date,Start (ET),Visitor/Neutral,PTS,Home/Neutral,PTS,,,Attend.,Notes
"Wed, Jan 1, 2020",6:00p,Orlando Magic,122,Washington Wizards,101,Box Score,,"14,921",
"Wed, Jan 1, 2020",7:30p,Portland Trail Blazers,93,New York Knicks,117,Box Score,,"19,812",
"Wed, Jan 1, 2020",8:00p,Minnesota Timberwolves,104,Milwaukee Bucks,106,Box Score,,"17,819",
"Wed, Jan 1, 2020",10:30p,Phoenix Suns,107,Los Angeles Lakers,117,Box Score,,"18,997",
"Thu, Jan 2, 2020",7:00p,Charlotte Hornets,109,Cleveland Cavaliers,106,Box Score,,"17,859",
"Thu, Jan 2, 2020",7:00p,Denver Nuggets,124,Indiana Pacers,116,Box Score,,"16,688",
"Thu, Jan 2, 2020",7:30p,Toronto Raptors,76,Miami Heat,84,Box Score,,"19,939",
"Thu, Jan 2, 2020",8:00p,Utah Jazz,102,Chicago Bulls,98,Box Score,,"19,398",
"Thu, Jan 2, 2020",8:00p,Golden State Warriors,84,Minnesota Timberwolves,99,Box Score,,"15,477",
"Thu, Jan 2, 2020",8:30p,Brooklyn Nets,111,Dallas Mavericks,123,Box Score,,"20,289",
"Thu, Jan 2, 2020",8:30p,Oklahoma City Thunder,109,San Antonio Spurs,103,Box Score,,"18,354",
"Thu, Jan 2, 2020",10:00p,Memphis Grizzlies,123,Sacramento Kings,128,Box Score,,"17,351",
"Thu, Jan 2, 2020",10:30p,Detroit Pistons,112,Los Angeles Clippers,126,Box Score,,"19,068",
"Fri, Jan 3, 2020",7:00p,Atlanta Hawks,106,Boston Celtics,109,Box Score,,"19,156",
"Fri, Jan 3, 2020",7:00p,Miami Heat,85,Orlando Magic,105,Box Score,,"17,198",
"Fri, Jan 3, 2020",7:00p,Portland Trail Blazers,122,Washington Wizards,103,Box Score,,"17,945",
"Fri, Jan 3, 2020",8:00p,Philadelphia 76ers,108,Houston Rockets,118,Box Score,,"18,055",
"Fri, Jan 3, 2020",9:00p,New York Knicks,112,Phoenix Suns,120,Box Score,,"18,055",
"Fri, Jan 3, 2020",10:30p,New Orleans Pelicans,113,Los Angeles Lakers,123,Box Score,,"18,997",
"Sat, Jan 4, 2020",3:30p,Memphis Grizzlies,140,Los Angeles Clippers,114,Box Score,,"19,068",
"Sat, Jan 4, 2020",6:00p,Toronto Raptors,121,Brooklyn Nets,102,Box Score,,"17,732",
"Sat, Jan 4, 2020",7:00p,Utah Jazz,109,Orlando Magic,96,Box Score,,"16,913",
"Sat, Jan 4, 2020",7:30p,Indiana Pacers,111,Atlanta Hawks,116,Box Score,,"16,420",
"Sat, Jan 4, 2020",7:30p,Oklahoma City Thunder,121,Cleveland Cavaliers,106,Box Score,,"19,432",
"Sat, Jan 4, 2020",8:00p,Boston Celtics,111,Chicago Bulls,104,Box Score,,"21,130",
"Sat, Jan 4, 2020",8:00p,Denver Nuggets,114,Washington Wizards,128,Box Score,,"16,233",
"Sat, Jan 4, 2020",8:30p,Charlotte Hornets,123,Dallas Mavericks,120,Box Score,OT,"20,327",
"Sat, Jan 4, 2020",8:30p,Detroit Pistons,111,Golden State Warriors,104,Box Score,,"18,064",
"Sat, Jan 4, 2020",8:30p,San Antonio Spurs,118,Milwaukee Bucks,127,Box Score,,"18,002",
"Sat, Jan 4, 2020",10:00p,New Orleans Pelicans,117,Sacramento Kings,115,Box Score,,"16,808",
"Sun, Jan 5, 2020",3:30p,New York Knicks,132,Los Angeles Clippers,135,Box Score,,"19,068",
"Sun, Jan 5, 2020",6:00p,Portland Trail Blazers,111,Miami Heat,122,Box Score,,"19,846",
"Sun, Jan 5, 2020",7:30p,Minnesota Timberwolves,118,Cleveland Cavaliers,103,Box Score,,"16,159",
"Sun, Jan 5, 2020",8:00p,Memphis Grizzlies,121,Phoenix Suns,114,Box Score,,"14,181",
"Sun, Jan 5, 2020",10:00p,Detroit Pistons,99,Los Angeles Lakers,106,Box Score,,"18,997",
"Mon, Jan 6, 2020",7:00p,Indiana Pacers,115,Charlotte Hornets,104,Box Score,,"13,009",
"Mon, Jan 6, 2020",7:00p,Brooklyn Nets,89,Orlando Magic,101,Box Score,,"15,008",
"Mon, Jan 6, 2020",7:00p,Oklahoma City Thunder,113,Philadelphia 76ers,120,Box Score,,"20,561",
"Mon, Jan 6, 2020",7:00p,Boston Celtics,94,Washington Wizards,99,Box Score,,"17,963",
"Mon, Jan 6, 2020",7:30p,Denver Nuggets,123,Atlanta Hawks,115,Box Score,,"15,286",
"Mon, Jan 6, 2020",8:00p,Utah Jazz,128,New Orleans Pelicans,126,Box Score,,"14,138",
"Mon, Jan 6, 2020",8:30p,Chicago Bulls,110,Dallas Mavericks,118,Box Score,,"20,238",
"Mon, Jan 6, 2020",8:30p,Milwaukee Bucks,104,San Antonio Spurs,126,Box Score,,"18,354",
"Mon, Jan 6, 2020",10:00p,Golden State Warriors,98,Sacramento Kings,111,Box Score,,"15,819",
"Tue, Jan 7, 2020",7:00p,Detroit Pistons,115,Cleveland Cavaliers,113,Box Score,,"17,274",
"Tue, Jan 7, 2020",7:00p,Portland Trail Blazers,101,Toronto Raptors,99,Box Score,,"19,800",
"Tue, Jan 7, 2020",7:30p,Oklahoma City Thunder,111,Brooklyn Nets,103,Box Score,OT,"15,677",
"Tue, Jan 7, 2020",8:00p,Minnesota Timberwolves,112,Memphis Grizzlies,119,Box Score,,"14,117",
"Tue, Jan 7, 2020",9:00p,Sacramento Kings,114,Phoenix Suns,103,Box Score,,"14,134",
"Tue, Jan 7, 2020",10:30p,New York Knicks,87,Los Angeles Lakers,117,Box Score,,"18,997",
"Wed, Jan 8, 2020",7:00p,San Antonio Spurs,129,Boston Celtics,114,Box Score,,"19,156",
"Wed, Jan 8, 2020",7:00p,Toronto Raptors,112,Charlotte Hornets,110,Box Score,OT,"13,965",
"Wed, Jan 8, 2020",7:00p,Miami Heat,122,Indiana Pacers,108,Box Score,,"17,040",
"Wed, Jan 8, 2020",7:00p,Washington Wizards,89,Orlando Magic,123,Box Score,,"16,013",
"Wed, Jan 8, 2020",7:30p,Houston Rockets,122,Atlanta Hawks,115,Box Score,,"16,514",
"Wed, Jan 8, 2020",7:30p,Denver Nuggets,107,Dallas Mavericks,106,Box Score,,"20,314",
"Wed, Jan 8, 2020",8:00p,Chicago Bulls,108,New Orleans Pelicans,123,Box Score,,"15,324",
"Wed, Jan 8, 2020",9:00p,New York Knicks,104,Utah Jazz,128,Box Score,,"18,306",
"Wed, Jan 8, 2020",10:00p,Milwaukee Bucks,107,Golden State Warriors,98,Box Score,,"18,064",
"Thu, Jan 9, 2020",7:00p,Cleveland Cavaliers,115,Detroit Pistons,112,Box Score,OT,"13,445",
"Thu, Jan 9, 2020",7:00p,Boston Celtics,98,Philadelphia 76ers,109,Box Score,,"20,822",
"Thu, Jan 9, 2020",8:00p,Portland Trail Blazers,102,Minnesota Timberwolves,116,Box Score,,"13,720",
"Thu, Jan 9, 2020",9:30p,Houston Rockets,92,Oklahoma City Thunder,113,Box Score,,"18,203",
"Fri, Jan 10, 2020",7:00p,Atlanta Hawks,101,Washington Wizards,111,Box Score,,"16,360",
"Fri, Jan 10, 2020",7:15p,New Orleans Pelicans,123,New York Knicks,111,Box Score,,"18,003",
"Fri, Jan 10, 2020",7:30p,Miami Heat,113,Brooklyn Nets,117,Box Score,,"16,011",
"Fri, Jan 10, 2020",8:00p,Indiana Pacers,116,Chicago Bulls,105,Box Score,,"20,229",
"Fri, Jan 10, 2020",8:00p,San Antonio Spurs,121,Memphis Grizzlies,134,Box Score,,"16,448",
"Fri, Jan 10, 2020",9:00p,Orlando Magic,94,Phoenix Suns,98,Box Score,,"14,562",
"Fri, Jan 10, 2020",9:00p,Charlotte Hornets,92,Utah Jazz,109,Box Score,,"18,306",
"Fri, Jan 10, 2020",9:45p,Los Angeles Lakers,129,Dallas Mavericks,114,Box Score,,"20,542",
"Fri, Jan 10, 2020",10:00p,Milwaukee Bucks,127,Sacramento Kings,106,Box Score,,"17,583",
"Fri, Jan 10, 2020",10:30p,Golden State Warriors,100,Los Angeles Clippers,109,Box Score,,"19,068",
"Sat, Jan 11, 2020",5:00p,Minnesota Timberwolves,109,Houston Rockets,139,Box Score,,"18,055",
"Sat, Jan 11, 2020",7:00p,New Orleans Pelicans,105,Boston Celtics,140,Box Score,,"19,156",
"Sat, Jan 11, 2020",7:00p,Chicago Bulls,108,Detroit Pistons,99,Box Score,,"15,951",
"Sat, Jan 11, 2020",8:00p,Los Angeles Lakers,125,Oklahoma City Thunder,110,Box Score,,"18,203",
"Sat, Jan 11, 2020",8:30p,Philadelphia 76ers,91,Dallas Mavericks,109,Box Score,,"20,244",
"Sat, Jan 11, 2020",9:00p,Cleveland Cavaliers,111,Denver Nuggets,103,Box Score,,"19,533",
"Sat, Jan 11, 2020",10:00p,Milwaukee Bucks,122,Portland Trail Blazers,101,Box Score,,"19,843",
"Sun, Jan 12, 2020",3:30p,Miami Heat,121,New York Knicks,124,Box Score,,"18,861",
"Sun, Jan 12, 2020",3:30p,Utah Jazz,127,Washington Wizards,116,Box Score,,"15,953",
"Sun, Jan 12, 2020",6:00p,Atlanta Hawks,86,Brooklyn Nets,108,Box Score,,"15,201",
"Sun, Jan 12, 2020",6:00p,Golden State Warriors,102,Memphis Grizzlies,122,Box Score,,"16,408",
"Sun, Jan 12, 2020",6:00p,San Antonio Spurs,105,Toronto Raptors,104,Box Score,,"19,800",
"Sun, Jan 12, 2020",8:00p,Los Angeles Clippers,104,Denver Nuggets,114,Box Score,,"19,520",
"Sun, Jan 12, 2020",8:00p,Charlotte Hornets,92,Phoenix Suns,100,Box Score,,"14,751",
"Mon, Jan 13, 2020",7:00p,New Orleans Pelicans,117,Detroit Pistons,110,Box Score,OT,"13,780",
"Mon, Jan 13, 2020",7:00p,Philadelphia 76ers,95,Indiana Pacers,101,Box Score,,"15,257",
"Mon, Jan 13, 2020",7:30p,Chicago Bulls,101,Boston Celtics,113,Box Score,,"19,156",
"Mon, Jan 13, 2020",8:00p,Oklahoma City Thunder,117,Minnesota Timberwolves,104,Box Score,,"11,044",
"Mon, Jan 13, 2020",10:00p,Charlotte Hornets,112,Portland Trail Blazers,115,Box Score,,"19,111",
"Mon, Jan 13, 2020",10:00p,Orlando Magic,114,Sacramento Kings,112,Box Score,,"16,299",
"Mon, Jan 13, 2020",10:30p,Cleveland Cavaliers,99,Los Angeles Lakers,128,Box Score,,"18,997",
"Tue, Jan 14, 2020",7:30p,Phoenix Suns,110,Atlanta Hawks,123,Box Score,,"16,060",
"Tue, Jan 14, 2020",7:30p,Utah Jazz,118,Brooklyn Nets,107,Box Score,,"15,381",
"Tue, Jan 14, 2020",8:00p,Houston Rockets,110,Memphis Grizzlies,121,Box Score,,"16,181",
"Tue, Jan 14, 2020",8:00p,New York Knicks,102,Milwaukee Bucks,128,Box Score,,"17,590",
"Tue, Jan 14, 2020",10:30p,Dallas Mavericks,124,Golden State Warriors,97,Box Score,,"18,064",
"Tue, Jan 14, 2020",10:30p,Cleveland Cavaliers,103,Los Angeles Clippers,128,Box Score,,"19,068",
"Wed, Jan 15, 2020",7:00p,Detroit Pistons,116,Boston Celtics,103,Box Score,,"19,156",
"Wed, Jan 15, 2020",7:00p,Brooklyn Nets,106,Philadelphia 76ers,117,Box Score,,"20,416",
"Wed, Jan 15, 2020",7:30p,San Antonio Spurs,100,Miami Heat,106,Box Score,,"19,704",
"Wed, Jan 15, 2020",8:00p,Washington Wizards,106,Chicago Bulls,115,Box Score,,"19,382",
"Wed, Jan 15, 2020",8:00p,Indiana Pacers,104,Minnesota Timberwolves,99,Box Score,,"12,648",
"Wed, Jan 15, 2020",8:00p,Toronto Raptors,130,Oklahoma City Thunder,121,Box Score,,"18,203",
"Wed, Jan 15, 2020",9:00p,Charlotte Hornets,86,Denver Nuggets,100,Box Score,,"19,520",
"Wed, Jan 15, 2020",9:30p,Portland Trail Blazers,117,Houston Rockets,107,Box Score,,"18,055",
"Wed, Jan 15, 2020",10:00p,Dallas Mavericks,127,Sacramento Kings,123,Box Score,,"17,029",
"Wed, Jan 15, 2020",10:30p,Orlando Magic,119,Los Angeles Lakers,118,Box Score,,"18,997",
"Thu, Jan 16, 2020",7:30p,Phoenix Suns,121,New York Knicks,98,Box Score,,"18,215",
"Thu, Jan 16, 2020",8:00p,Boston Celtics,123,Milwaukee Bucks,128,Box Score,,"17,873",
"Thu, Jan 16, 2020",8:00p,Utah Jazz,132,New Orleans Pelicans,138,Box Score,OT,"16,717",
"Thu, Jan 16, 2020",10:30p,Denver Nuggets,134,Golden State Warriors,131,Box Score,OT,"18,064",
"Thu, Jan 16, 2020",10:30p,Orlando Magic,95,Los Angeles Clippers,122,Box Score,,"19,068",
"Fri, Jan 17, 2020",7:00p,Minnesota Timberwolves,114,Indiana Pacers,116,Box Score,,"16,248",
"Fri, Jan 17, 2020",7:00p,Chicago Bulls,89,Philadelphia 76ers,100,Box Score,,"20,919",
"Fri, Jan 17, 2020",7:00p,Washington Wizards,111,Toronto Raptors,140,Box Score,,"19,800",
"Fri, Jan 17, 2020",8:00p,Cleveland Cavaliers,109,Memphis Grizzlies,113,Box Score,,"17,102",
"Fri, Jan 17, 2020",8:00p,Miami Heat,115,Oklahoma City Thunder,108,Box Score,,"18,203",
"Fri, Jan 17, 2020",8:30p,Atlanta Hawks,121,San Antonio Spurs,120,Box Score,,"18,354",
"Fri, Jan 17, 2020",9:30p,Portland Trail Blazers,112,Dallas Mavericks,120,Box Score,,"20,283",
"Sat, Jan 18, 2020",3:30p,Los Angeles Clippers,133,New Orleans Pelicans,130,Box Score,,"17,959",
"Sat, Jan 18, 2020",6:00p,Milwaukee Bucks,117,Brooklyn Nets,97,Box Score,,"17,732",
"Sat, Jan 18, 2020",7:00p,Phoenix Suns,123,Boston Celtics,119,Box Score,,"19,156",
"Sat, Jan 18, 2020",7:30p,Detroit Pistons,136,Atlanta Hawks,103,Box Score,,"17,056",
"Sat, Jan 18, 2020",7:30p,Philadelphia 76ers,90,New York Knicks,87,Box Score,,"17,812",
"Sat, Jan 18, 2020",8:00p,Cleveland Cavaliers,116,Chicago Bulls,118,Box Score,,"19,939",
"Sat, Jan 18, 2020",8:00p,Toronto Raptors,122,Minnesota Timberwolves,112,Box Score,,"16,520",
"Sat, Jan 18, 2020",8:30p,Orlando Magic,95,Golden State Warriors,109,Box Score,,"18,064",
"Sat, Jan 18, 2020",8:30p,Los Angeles Lakers,124,Houston Rockets,115,Box Score,,"18,502",
"Sat, Jan 18, 2020",9:00p,Portland Trail Blazers,106,Oklahoma City Thunder,119,Box Score,,"18,203",
"Sat, Jan 18, 2020",9:00p,Sacramento Kings,101,Utah Jazz,123,Box Score,,"18,306",
"Sun, Jan 19, 2020",3:00p,Miami Heat,102,San Antonio Spurs,107,Box Score,,"18,422",
"Sun, Jan 19, 2020",8:00p,Indiana Pacers,115,Denver Nuggets,107,Box Score,,"19,520",
"Mon, Jan 20, 2020",2:00p,Detroit Pistons,100,Washington Wizards,106,Box Score,,"17,305",
"Mon, Jan 20, 2020",2:30p,Toronto Raptors,122,Atlanta Hawks,117,Box Score,,"17,300",
"Mon, Jan 20, 2020",3:00p,Philadelphia 76ers,117,Brooklyn Nets,111,Box Score,,"16,801",
"Mon, Jan 20, 2020",5:00p,Orlando Magic,106,Charlotte Hornets,83,Box Score,,"16,133",
"Mon, Jan 20, 2020",5:00p,New York Knicks,106,Cleveland Cavaliers,86,Box Score,,"17,133",
"Mon, Jan 20, 2020",5:00p,Oklahoma City Thunder,112,Houston Rockets,107,Box Score,,"18,055",
"Mon, Jan 20, 2020",5:00p,New Orleans Pelicans,126,Memphis Grizzlies,116,Box Score,,"17,794",
"Mon, Jan 20, 2020",5:00p,Sacramento Kings,113,Miami Heat,118,Box Score,OT,"19,600",
"Mon, Jan 20, 2020",5:00p,Chicago Bulls,98,Milwaukee Bucks,111,Box Score,,"17,747",
"Mon, Jan 20, 2020",7:30p,Los Angeles Lakers,107,Boston Celtics,139,Box Score,,"19,156",
"Mon, Jan 20, 2020",8:00p,Denver Nuggets,107,Minnesota Timberwolves,100,Box Score,,"12,172",
"Mon, Jan 20, 2020",9:00p,San Antonio Spurs,120,Phoenix Suns,118,Box Score,,"14,847",
"Mon, Jan 20, 2020",9:00p,Indiana Pacers,88,Utah Jazz,118,Box Score,,"18,306",
"Mon, Jan 20, 2020",10:00p,Golden State Warriors,124,Portland Trail Blazers,129,Box Score,OT,"19,493",
"Tue, Jan 21, 2020",8:30p,Los Angeles Clippers,110,Dallas Mavericks,107,Box Score,,"19,783",
"Wed, Jan 22, 2020",7:00p,Sacramento Kings,106,Detroit Pistons,127,Box Score,,"13,972",
"Wed, Jan 22, 2020",7:00p,Oklahoma City Thunder,120,Orlando Magic,114,Box Score,,"18,846",
"Wed, Jan 22, 2020",7:00p,Philadelphia 76ers,95,Toronto Raptors,107,Box Score,,"19,800",
"Wed, Jan 22, 2020",7:30p,Los Angeles Clippers,95,Atlanta Hawks,102,Box Score,,"14,338",
"Wed, Jan 22, 2020",7:30p,Memphis Grizzlies,95,Boston Celtics,119,Box Score,,"19,156",
"Wed, Jan 22, 2020",7:30p,Washington Wizards,129,Miami Heat,134,Box Score,OT,"19,600",
"Wed, Jan 22, 2020",7:30p,Los Angeles Lakers,100,New York Knicks,92,Box Score,,"19,812",
"Wed, Jan 22, 2020",8:00p,Minnesota Timberwolves,110,Chicago Bulls,117,Box Score,,"18,875",
"Wed, Jan 22, 2020",8:00p,Denver Nuggets,105,Houston Rockets,121,Box Score,,"18,055",
"Wed, Jan 22, 2020",9:00p,Indiana Pacers,112,Phoenix Suns,87,Box Score,,"14,691",
"Wed, Jan 22, 2020",9:30p,San Antonio Spurs,121,New Orleans Pelicans,117,Box Score,,"18,365",
"Wed, Jan 22, 2020",10:00p,Utah Jazz,129,Golden State Warriors,96,Box Score,,"18,064",
"Thu, Jan 23, 2020",7:00p,Washington Wizards,124,Cleveland Cavaliers,112,Box Score,,"16,689",
"Thu, Jan 23, 2020",8:00p,Los Angeles Lakers,128,Brooklyn Nets,113,Box Score,,"17,732",
"Thu, Jan 23, 2020",10:30p,Dallas Mavericks,133,Portland Trail Blazers,125,Box Score,,"19,574",
"Fri, Jan 24, 2020",3:00p,Milwaukee Bucks,116,Charlotte Hornets,103,Box Score,,"15,758","at Paris, France"
"Fri, Jan 24, 2020",7:00p,Memphis Grizzlies,125,Detroit Pistons,112,Box Score,,"14,583",
"Fri, Jan 24, 2020",7:00p,Boston Celtics,109,Orlando Magic,98,Box Score,,"18,846",
"Fri, Jan 24, 2020",7:30p,Toronto Raptors,118,New York Knicks,112,Box Score,,"18,883",
"Fri, Jan 24, 2020",8:00p,Sacramento Kings,98,Chicago Bulls,81,Box Score,,"17,661",
"Fri, Jan 24, 2020",8:00p,Los Angeles Clippers,122,Miami Heat,117,Box Score,,"19,632",
"Fri, Jan 24, 2020",8:00p,Houston Rockets,131,Minnesota Timberwolves,124,Box Score,,"16,101",
"Fri, Jan 24, 2020",8:00p,Denver Nuggets,113,New Orleans Pelicans,106,Box Score,,"16,398",
"Fri, Jan 24, 2020",8:00p,Atlanta Hawks,111,Oklahoma City Thunder,140,Box Score,,"18,203",
"Fri, Jan 24, 2020",8:30p,Phoenix Suns,103,San Antonio Spurs,99,Box Score,,"18,354",
"Fri, Jan 24, 2020",10:30p,Indiana Pacers,129,Golden State Warriors,118,Box Score,,"18,064",
"Sat, Jan 25, 2020",5:00p,Dallas Mavericks,107,Utah Jazz,112,Box Score,,"18,306",
"Sat, Jan 25, 2020",7:00p,Brooklyn Nets,121,Detroit Pistons,111,Box Score,OT,"15,890",
"Sat, Jan 25, 2020",8:00p,Chicago Bulls,118,Cleveland Cavaliers,106,Box Score,,"19,432",
"Sat, Jan 25, 2020",8:00p,Oklahoma City Thunder,113,Minnesota Timberwolves,104,Box Score,,"16,236",
"Sat, Jan 25, 2020",8:30p,Los Angeles Lakers,91,Philadelphia 76ers,108,Box Score,,"21,109",
"Sun, Jan 26, 2020",3:30p,Houston Rockets,110,Denver Nuggets,117,Box Score,,"19,520",
"Sun, Jan 26, 2020",4:00p,Toronto Raptors,110,San Antonio Spurs,106,Box Score,,"18,354",
"Sun, Jan 26, 2020",6:00p,Washington Wizards,133,Atlanta Hawks,152,Box Score,,"15,567",
"Sun, Jan 26, 2020",6:00p,Phoenix Suns,109,Memphis Grizzlies,114,Box Score,,"17,214",
"Sun, Jan 26, 2020",6:00p,Boston Celtics,108,New Orleans Pelicans,123,Box Score,,"16,737",
"Sun, Jan 26, 2020",6:00p,Brooklyn Nets,97,New York Knicks,110,Box Score,,"17,831",
"Sun, Jan 26, 2020",6:00p,Los Angeles Clippers,112,Orlando Magic,97,Box Score,,"15,427",
"Sun, Jan 26, 2020",9:00p,Indiana Pacers,129,Portland Trail Blazers,139,Box Score,,"19,663",
"Mon, Jan 27, 2020",7:00p,Cleveland Cavaliers,115,Detroit Pistons,100,Box Score,,"12,597",
"Mon, Jan 27, 2020",7:30p,Orlando Magic,92,Miami Heat,113,Box Score,,"19,600",
"Mon, Jan 27, 2020",8:00p,San Antonio Spurs,109,Chicago Bulls,110,Box Score,,"16,071",
"Mon, Jan 27, 2020",8:00p,Sacramento Kings,133,Minnesota Timberwolves,129,Box Score,OT,"13,449",
"Mon, Jan 27, 2020",8:00p,Dallas Mavericks,107,Oklahoma City Thunder,97,Box Score,,"18,203",
"Mon, Jan 27, 2020",9:00p,Houston Rockets,126,Utah Jazz,117,Box Score,,"18,306",
"Tue, Jan 28, 2020",7:00p,New York Knicks,92,Charlotte Hornets,97,Box Score,,"14,342",
"Tue, Jan 28, 2020",7:00p,Golden State Warriors,104,Philadelphia 76ers,115,Box Score,,"20,854",
"Tue, Jan 28, 2020",7:30p,New Orleans Pelicans,125,Cleveland Cavaliers,111,Box Score,,"19,432",
"Tue, Jan 28, 2020",7:30p,Atlanta Hawks,114,Toronto Raptors,130,Box Score,,"19,800",
"Tue, Jan 28, 2020",8:00p,Denver Nuggets,96,Memphis Grizzlies,104,Box Score,,"14,365",
"Tue, Jan 28, 2020",8:00p,Boston Celtics,109,Miami Heat,101,Box Score,,"19,704",
"Tue, Jan 28, 2020",8:00p,Washington Wizards,131,Milwaukee Bucks,151,Box Score,,"17,681",
"Tue, Jan 28, 2020",8:30p,Phoenix Suns,133,Dallas Mavericks,104,Box Score,,"20,216",
"Wed, Jan 29, 2020",7:00p,Chicago Bulls,106,Indiana Pacers,115,Box Score,OT,"17,923",
"Wed, Jan 29, 2020",7:30p,Detroit Pistons,115,Brooklyn Nets,125,Box Score,,"14,275",
"Wed, Jan 29, 2020",7:30p,Memphis Grizzlies,127,New York Knicks,106,Box Score,,"18,768",
"Wed, Jan 29, 2020",8:30p,Utah Jazz,120,San Antonio Spurs,127,Box Score,,"17,887",
"Wed, Jan 29, 2020",10:00p,Houston Rockets,112,Portland Trail Blazers,125,Box Score,,"19,393",
"Wed, Jan 29, 2020",10:00p,Oklahoma City Thunder,120,Sacramento Kings,100,Box Score,,"16,935",
"Thu, Jan 30, 2020",7:00p,Toronto Raptors,115,Cleveland Cavaliers,109,Box Score,,"17,695",
"Thu, Jan 30, 2020",7:00p,Charlotte Hornets,107,Washington Wizards,121,Box Score,,"15,013",
"Thu, Jan 30, 2020",7:30p,Philadelphia 76ers,117,Atlanta Hawks,127,Box Score,,"15,227",
"Thu, Jan 30, 2020",8:00p,Golden State Warriors,104,Boston Celtics,119,Box Score,,"19,156",
"Thu, Jan 30, 2020",10:30p,Utah Jazz,100,Denver Nuggets,106,Box Score,,"19,520",
"Thu, Jan 30, 2020",10:30p,Sacramento Kings,124,Los Angeles Clippers,103,Box Score,,"19,068",
"Fri, Jan 31, 2020",7:00p,Toronto Raptors,105,Detroit Pistons,92,Box Score,,"17,356",
"Fri, Jan 31, 2020",7:30p,Chicago Bulls,118,Brooklyn Nets,133,Box Score,,"17,732",
"Fri, Jan 31, 2020",7:30p,Dallas Mavericks,121,Houston Rockets,128,Box Score,,"18,055",
"Fri, Jan 31, 2020",8:00p,Memphis Grizzlies,111,New Orleans Pelicans,139,Box Score,,"18,362",
"Fri, Jan 31, 2020",9:00p,Denver Nuggets,127,Milwaukee Bucks,115,Box Score,,"18,141",
"Fri, Jan 31, 2020",9:00p,Oklahoma City Thunder,111,Phoenix Suns,107,Box Score,,"17,260",
"Fri, Jan 31, 2020",10:30p,Portland Trail Blazers,127,Los Angeles Lakers,119,Box Score,,"18,997",
"Sat, Feb 1, 2020",3:30p,Minnesota Timberwolves,106,Los Angeles Clippers,118,Box Score,,"19,068",
"Sat, Feb 1, 2020",7:00p,New York Knicks,92,Indiana Pacers,85,Box Score,,"17,923",
"Sat, Feb 1, 2020",7:00p,Miami Heat,102,Orlando Magic,89,Box Score,,"18,846",
"Sat, Feb 1, 2020",8:00p,Golden State Warriors,131,Cleveland Cavaliers,112,Box Score,,"18,410",
"Sat, Feb 1, 2020",8:00p,Brooklyn Nets,107,Washington Wizards,113,Box Score,,"18,196",
"Sat, Feb 1, 2020",8:30p,Philadelphia 76ers,95,Boston Celtics,116,Box Score,,"19,156",
"Sat, Feb 1, 2020",8:30p,Atlanta Hawks,100,Dallas Mavericks,123,Box Score,,"20,328",
"Sat, Feb 1, 2020",9:00p,Charlotte Hornets,90,San Antonio Spurs,114,Box Score,,"18,615",
"Sat, Feb 1, 2020",10:00p,Los Angeles Lakers,129,Sacramento Kings,113,Box Score,,"17,583",
"Sat, Feb 1, 2020",10:30p,Utah Jazz,107,Portland Trail Blazers,124,Box Score,,"19,603",
"Sun, Feb 2, 2020",12:30p,Denver Nuggets,123,Detroit Pistons,128,Box Score,OT,"15,488",
"Sun, Feb 2, 2020",2:00p,New Orleans Pelicans,109,Houston Rockets,117,Box Score,,"18,055",
"Sun, Feb 2, 2020",2:00p,Phoenix Suns,108,Milwaukee Bucks,129,Box Score,,"17,754",
"Sun, Feb 2, 2020",3:00p,Chicago Bulls,102,Toronto Raptors,129,Box Score,,"19,800",
"Mon, Feb 3, 2020",7:00p,Orlando Magic,112,Charlotte Hornets,100,Box Score,,"12,337",
"Mon, Feb 3, 2020",7:00p,New York Knicks,139,Cleveland Cavaliers,134,Box Score,OT,"16,303",
"Mon, Feb 3, 2020",7:00p,Dallas Mavericks,112,Indiana Pacers,103,Box Score,,"15,086",
"Mon, Feb 3, 2020",7:00p,Golden State Warriors,125,Washington Wizards,117,Box Score,,"17,120",
"Mon, Feb 3, 2020",7:30p,Boston Celtics,123,Atlanta Hawks,115,Box Score,,"16,231",
"Mon, Feb 3, 2020",7:30p,Phoenix Suns,97,Brooklyn Nets,119,Box Score,,"14,891",
"Mon, Feb 3, 2020",7:30p,Philadelphia 76ers,106,Miami Heat,137,Box Score,,"19,725",
"Mon, Feb 3, 2020",8:00p,Detroit Pistons,82,Memphis Grizzlies,96,Box Score,,"14,597",
"Mon, Feb 3, 2020",10:00p,Minnesota Timberwolves,109,Sacramento Kings,113,Box Score,,"15,819",
"Mon, Feb 3, 2020",10:30p,San Antonio Spurs,105,Los Angeles Clippers,108,Box Score,,"19,068",
"Tue, Feb 4, 2020",7:30p,Milwaukee Bucks,120,New Orleans Pelicans,108,Box Score,,"15,424",
"Tue, Feb 4, 2020",8:00p,Charlotte Hornets,110,Houston Rockets,125,Box Score,,"18,055",
"Tue, Feb 4, 2020",9:00p,Portland Trail Blazers,99,Denver Nuggets,127,Box Score,,"19,520",
"Tue, Feb 4, 2020",10:00p,San Antonio Spurs,102,Los Angeles Lakers,129,Box Score,,"18,997",
"Wed, Feb 5, 2020",7:00p,Phoenix Suns,108,Detroit Pistons,116,Box Score,,"13,707",
"Wed, Feb 5, 2020",7:30p,Orlando Magic,100,Boston Celtics,116,Box Score,,"19,156",
"Wed, Feb 5, 2020",7:30p,Golden State Warriors,88,Brooklyn Nets,129,Box Score,,"14,352",
"Wed, Feb 5, 2020",7:30p,Indiana Pacers,118,Toronto Raptors,119,Box Score,,"19,800",
"Wed, Feb 5, 2020",8:00p,Atlanta Hawks,127,Minnesota Timberwolves,120,Box Score,,"10,779",
"Wed, Feb 5, 2020",8:00p,Cleveland Cavaliers,103,Oklahoma City Thunder,109,Box Score,,"18,203",
"Wed, Feb 5, 2020",8:30p,Memphis Grizzlies,121,Dallas Mavericks,107,Box Score,,"20,069",
"Wed, Feb 5, 2020",9:00p,Denver Nuggets,98,Utah Jazz,95,Box Score,,"18,306",
"Wed, Feb 5, 2020",10:00p,Miami Heat,111,Los Angeles Clippers,128,Box Score,,"19,068",
"Thu, Feb 6, 2020",7:30p,Orlando Magic,103,New York Knicks,105,Box Score,,"18,895",
"Thu, Feb 6, 2020",8:00p,New Orleans Pelicans,125,Chicago Bulls,119,Box Score,,"18,247",
"Thu, Feb 6, 2020",8:00p,Philadelphia 76ers,101,Milwaukee Bucks,112,Box Score,,"17,928",
"Thu, Feb 6, 2020",10:00p,San Antonio Spurs,117,Portland Trail Blazers,125,Box Score,,"19,653",
"Thu, Feb 6, 2020",10:30p,Houston Rockets,121,Los Angeles Lakers,111,Box Score,,"18,997",
"Fri, Feb 7, 2020",7:00p,Memphis Grizzlies,107,Philadelphia 76ers,119,Box Score,,"20,779",
"Fri, Feb 7, 2020",7:00p,Dallas Mavericks,118,Washington Wizards,119,Box Score,,"20,476",
"Fri, Feb 7, 2020",7:30p,Atlanta Hawks,107,Boston Celtics,112,Box Score,,"19,156",
"Fri, Feb 7, 2020",8:00p,Toronto Raptors,115,Indiana Pacers,106,Box Score,,"17,028",
"Fri, Feb 7, 2020",8:00p,Detroit Pistons,101,Oklahoma City Thunder,108,Box Score,,"18,203",
"Fri, Feb 7, 2020",9:00p,Houston Rockets,91,Phoenix Suns,127,Box Score,,"17,043",
"Fri, Feb 7, 2020",10:00p,Miami Heat,97,Sacramento Kings,105,Box Score,,"16,760",
"Fri, Feb 7, 2020",10:30p,Portland Trail Blazers,114,Utah Jazz,117,Box Score,,"18,306",
"Sat, Feb 8, 2020",5:00p,Milwaukee Bucks,111,Orlando Magic,95,Box Score,,"16,632",
"Sat, Feb 8, 2020",7:00p,Dallas Mavericks,116,Charlotte Hornets,100,Box Score,,"19,370",
"Sat, Feb 8, 2020",7:00p,New York Knicks,95,Detroit Pistons,92,Box Score,,"15,980",
"Sat, Feb 8, 2020",7:30p,New Orleans Pelicans,124,Indiana Pacers,117,Box Score,,"17,923",
"Sat, Feb 8, 2020",7:30p,Brooklyn Nets,118,Toronto Raptors,119,Box Score,,"19,800",
"Sat, Feb 8, 2020",8:00p,Los Angeles Clippers,115,Minnesota Timberwolves,142,Box Score,,"18,978",
"Sat, Feb 8, 2020",8:30p,Los Angeles Lakers,125,Golden State Warriors,120,Box Score,,"18,064",
"Sat, Feb 8, 2020",9:00p,Denver Nuggets,117,Phoenix Suns,108,Box Score,,"16,843",
"Sat, Feb 8, 2020",10:00p,San Antonio Spurs,102,Sacramento Kings,122,Box Score,,"16,756",
"Sun, Feb 9, 2020",3:30p,Boston Celtics,112,Oklahoma City Thunder,111,Box Score,,"18,203",
"Sun, Feb 9, 2020",6:00p,New York Knicks,135,Atlanta Hawks,140,Box Score,2OT,"16,309",
"Sun, Feb 9, 2020",6:00p,Chicago Bulls,111,Philadelphia 76ers,118,Box Score,,"21,018",
"Sun, Feb 9, 2020",6:00p,Memphis Grizzlies,106,Washington Wizards,99,Box Score,,"17,251",
"Sun, Feb 9, 2020",7:00p,Utah Jazz,114,Houston Rockets,113,Box Score,,"18,055",
"Sun, Feb 9, 2020",7:30p,Los Angeles Clippers,133,Cleveland Cavaliers,92,Box Score,,"17,240",
"Sun, Feb 9, 2020",9:00p,Miami Heat,109,Portland Trail Blazers,115,Box Score,,"19,726",
"Mon, Feb 10, 2020",7:00p,Charlotte Hornets,87,Detroit Pistons,76,Box Score,,"13,941",
"Mon, Feb 10, 2020",7:00p,Brooklyn Nets,106,Indiana Pacers,105,Box Score,,"16,761",
"Mon, Feb 10, 2020",7:00p,Atlanta Hawks,126,Orlando Magic,135,Box Score,,"17,076",
"Mon, Feb 10, 2020",7:30p,Minnesota Timberwolves,126,Toronto Raptors,137,Box Score,,"19,800",
"Mon, Feb 10, 2020",8:00p,Sacramento Kings,111,Milwaukee Bucks,123,Box Score,,"17,463",
"Mon, Feb 10, 2020",8:30p,Utah Jazz,123,Dallas Mavericks,119,Box Score,,"19,793",
"Mon, Feb 10, 2020",9:00p,San Antonio Spurs,120,Denver Nuggets,127,Box Score,,"19,520",
"Mon, Feb 10, 2020",10:30p,Miami Heat,113,Golden State Warriors,101,Box Score,,"18,064",
"Mon, Feb 10, 2020",10:30p,Phoenix Suns,100,Los Angeles Lakers,125,Box Score,,"18,997",
"Tue, Feb 11, 2020",7:00p,Los Angeles Clippers,103,Philadelphia 76ers,110,Box Score,,"20,730",
"Tue, Feb 11, 2020",7:00p,Chicago Bulls,114,Washington Wizards,126,Box Score,,"15,135",
"Tue, Feb 11, 2020",8:00p,Portland Trail Blazers,117,New Orleans Pelicans,138,Box Score,,"15,739",
"Tue, Feb 11, 2020",8:00p,San Antonio Spurs,114,Oklahoma City Thunder,106,Box Score,,"18,203",
"Tue, Feb 11, 2020",9:30p,Boston Celtics,105,Houston Rockets,116,Box Score,,"18,055",
"Wed, Feb 12, 2020",7:00p,Atlanta Hawks,105,Cleveland Cavaliers,127,Box Score,,"16,200",
"Wed, Feb 12, 2020",7:00p,Detroit Pistons,112,Orlando Magic,116,Box Score,OT,"16,607",
"Wed, Feb 12, 2020",7:30p,Toronto Raptors,91,Brooklyn Nets,101,Box Score,,"15,823",
"Wed, Feb 12, 2020",7:30p,Milwaukee Bucks,111,Indiana Pacers,118,Box Score,,"17,018",
"Wed, Feb 12, 2020",7:30p,Washington Wizards,114,New York Knicks,96,Box Score,,"18,835",
"Wed, Feb 12, 2020",8:00p,Portland Trail Blazers,104,Memphis Grizzlies,111,Box Score,,"16,889",
"Wed, Feb 12, 2020",8:00p,Charlotte Hornets,115,Minnesota Timberwolves,108,Box Score,,"18,978",
"Wed, Feb 12, 2020",8:30p,Sacramento Kings,111,Dallas Mavericks,130,Box Score,,"19,842",
"Wed, Feb 12, 2020",9:00p,Golden State Warriors,106,Phoenix Suns,112,Box Score,,"15,216",
"Wed, Feb 12, 2020",9:00p,Miami Heat,101,Utah Jazz,116,Box Score,,"18,306",
"Wed, Feb 12, 2020",10:00p,Los Angeles Lakers,120,Denver Nuggets,116,Box Score,OT,"19,860",
"Thu, Feb 13, 2020",8:00p,Los Angeles Clippers,133,Boston Celtics,141,Box Score,2OT,"19,156",
"Thu, Feb 13, 2020",8:00p,Oklahoma City Thunder,123,New Orleans Pelicans,118,Box Score,,"17,865",
"Thu, Feb 20, 2020",7:00p,Milwaukee Bucks,126,Detroit Pistons,106,Box Score,,"16,097",
"Thu, Feb 20, 2020",7:30p,Miami Heat,124,Atlanta Hawks,129,Box Score,,"17,356",
"Thu, Feb 20, 2020",8:00p,Charlotte Hornets,103,Chicago Bulls,93,Box Score,,"17,463",
"Thu, Feb 20, 2020",8:00p,Brooklyn Nets,104,Philadelphia 76ers,112,Box Score,OT,"20,806",
"Thu, Feb 20, 2020",10:00p,Memphis Grizzlies,125,Sacramento Kings,129,Box Score,,"17,078",
"Thu, Feb 20, 2020",10:30p,Houston Rockets,135,Golden State Warriors,105,Box Score,,"18,064",
"Fri, Feb 21, 2020",7:00p,Dallas Mavericks,122,Orlando Magic,106,Box Score,,"18,846",
"Fri, Feb 21, 2020",7:00p,Cleveland Cavaliers,113,Washington Wizards,108,Box Score,,"18,895",
"Fri, Feb 21, 2020",7:30p,Indiana Pacers,106,New York Knicks,98,Box Score,,"19,812",
"Fri, Feb 21, 2020",7:30p,Phoenix Suns,101,Toronto Raptors,118,Box Score,,"19,800",
"Fri, Feb 21, 2020",8:00p,Boston Celtics,127,Minnesota Timberwolves,117,Box Score,,"18,978",
"Fri, Feb 21, 2020",8:00p,Denver Nuggets,101,Oklahoma City Thunder,113,Box Score,,"18,203",
"Fri, Feb 21, 2020",9:00p,San Antonio Spurs,113,Utah Jazz,104,Box Score,,"18,306",
"Fri, Feb 21, 2020",10:30p,Memphis Grizzlies,105,Los Angeles Lakers,117,Box Score,,"18,997",
"Fri, Feb 21, 2020",10:30p,New Orleans Pelicans,128,Portland Trail Blazers,115,Box Score,,"19,946",
"Sat, Feb 22, 2020",3:30p,Sacramento Kings,112,Los Angeles Clippers,103,Box Score,,"19,068",
"Sat, Feb 22, 2020",7:00p,Brooklyn Nets,115,Charlotte Hornets,86,Box Score,,"19,079",
"Sat, Feb 22, 2020",7:30p,Dallas Mavericks,107,Atlanta Hawks,111,Box Score,,"17,050",
"Sat, Feb 22, 2020",8:00p,Phoenix Suns,112,Chicago Bulls,104,Box Score,,"20,506",
"Sat, Feb 22, 2020",8:00p,Cleveland Cavaliers,105,Miami Heat,124,Box Score,,"19,754",
"Sat, Feb 22, 2020",8:30p,Philadelphia 76ers,98,Milwaukee Bucks,119,Box Score,,"18,290",
"Sat, Feb 22, 2020",9:00p,Houston Rockets,120,Utah Jazz,110,Box Score,,"18,306",
"Sun, Feb 23, 2020",3:30p,Boston Celtics,112,Los Angeles Lakers,114,Box Score,,"18,997",
"Sun, Feb 23, 2020",6:00p,Minnesota Timberwolves,116,Denver Nuggets,128,Box Score,,"19,626",
"Sun, Feb 23, 2020",6:00p,Indiana Pacers,81,Toronto Raptors,127,Box Score,,"19,800",
"Sun, Feb 23, 2020",7:00p,Washington Wizards,117,Chicago Bulls,126,Box Score,,"18,024",
"Sun, Feb 23, 2020",7:00p,San Antonio Spurs,103,Oklahoma City Thunder,131,Box Score,,"18,203",
"Sun, Feb 23, 2020",8:30p,New Orleans Pelicans,115,Golden State Warriors,101,Box Score,,"18,064",
"Sun, Feb 23, 2020",9:00p,Detroit Pistons,104,Portland Trail Blazers,107,Box Score,,"19,393",
"Mon, Feb 24, 2020",7:00p,Miami Heat,119,Cleveland Cavaliers,125,Box Score,OT,"17,336",
"Mon, Feb 24, 2020",7:00p,Atlanta Hawks,112,Philadelphia 76ers,129,Box Score,,"20,836",
"Mon, Feb 24, 2020",7:00p,Milwaukee Bucks,137,Washington Wizards,134,Box Score,OT,"16,580",
"Mon, Feb 24, 2020",7:30p,Orlando Magic,115,Brooklyn Nets,113,Box Score,,"16,162",
"Mon, Feb 24, 2020",8:00p,New York Knicks,112,Houston Rockets,123,Box Score,,"18,055",
"Mon, Feb 24, 2020",8:30p,Minnesota Timberwolves,123,Dallas Mavericks,139,Box Score,,"19,936",
"Mon, Feb 24, 2020",9:00p,Phoenix Suns,131,Utah Jazz,111,Box Score,,"18,306",
"Mon, Feb 24, 2020",10:30p,Memphis Grizzlies,97,Los Angeles Clippers,124,Box Score,,"19,068",
"Tue, Feb 25, 2020",7:00p,Charlotte Hornets,80,Indiana Pacers,119,Box Score,,"16,088",
"Tue, Feb 25, 2020",7:30p,Milwaukee Bucks,108,Toronto Raptors,97,Box Score,,"19,993",
"Tue, Feb 25, 2020",8:00p,Oklahoma City Thunder,124,Chicago Bulls,122,Box Score,,"16,911",
"Tue, Feb 25, 2020",9:00p,Detroit Pistons,98,Denver Nuggets,115,Box Score,,"19,143",
"Tue, Feb 25, 2020",10:00p,New Orleans Pelicans,109,Los Angeles Lakers,118,Box Score,,"18,997",
"Tue, Feb 25, 2020",10:00p,Boston Celtics,118,Portland Trail Blazers,106,Box Score,,"19,460",
"Tue, Feb 25, 2020",10:30p,Sacramento Kings,112,Golden State Warriors,94,Box Score,,"18,064",
"Wed, Feb 26, 2020",7:00p,New York Knicks,101,Charlotte Hornets,107,Box Score,,"13,152",
"Wed, Feb 26, 2020",7:00p,Philadelphia 76ers,94,Cleveland Cavaliers,108,Box Score,,"16,332",
"Wed, Feb 26, 2020",7:00p,Brooklyn Nets,106,Washington Wizards,110,Box Score,,"15,021",
"Wed, Feb 26, 2020",7:30p,Orlando Magic,130,Atlanta Hawks,120,Box Score,,"14,967",
"Wed, Feb 26, 2020",7:30p,Minnesota Timberwolves,129,Miami Heat,126,Box Score,,"19,600",
"Wed, Feb 26, 2020",8:00p,Memphis Grizzlies,112,Houston Rockets,140,Box Score,,"18,055",
"Wed, Feb 26, 2020",8:30p,Dallas Mavericks,109,San Antonio Spurs,103,Box Score,,"18,354",
"Wed, Feb 26, 2020",9:00p,Los Angeles Clippers,102,Phoenix Suns,92,Box Score,,"15,157",
"Wed, Feb 26, 2020",10:30p,Boston Celtics,114,Utah Jazz,103,Box Score,,"18,306",
"Thu, Feb 27, 2020",7:00p,New York Knicks,106,Philadelphia 76ers,115,Box Score,,"20,175",
"Thu, Feb 27, 2020",8:00p,Portland Trail Blazers,100,Indiana Pacers,106,Box Score,,"16,872",
"Thu, Feb 27, 2020",8:00p,Sacramento Kings,108,Oklahoma City Thunder,112,Box Score,,"18,203",
"Thu, Feb 27, 2020",10:30p,Los Angeles Lakers,116,Golden State Warriors,86,Box Score,,"18,064",
"Fri, Feb 28, 2020",7:00p,Minnesota Timberwolves,125,Orlando Magic,136,Box Score,,"18,846",
"Fri, Feb 28, 2020",7:30p,Brooklyn Nets,118,Atlanta Hawks,141,Box Score,,"17,034",
"Fri, Feb 28, 2020",7:30p,Charlotte Hornets,99,Toronto Raptors,96,Box Score,,"19,800",
"Fri, Feb 28, 2020",8:00p,Sacramento Kings,104,Memphis Grizzlies,101,Box Score,,"17,794",
"Fri, Feb 28, 2020",8:00p,Dallas Mavericks,118,Miami Heat,126,Box Score,,"19,704",
"Fri, Feb 28, 2020",8:00p,Oklahoma City Thunder,86,Milwaukee Bucks,133,Box Score,,"18,412",
"Fri, Feb 28, 2020",8:00p,Cleveland Cavaliers,104,New Orleans Pelicans,116,Box Score,,"18,304",
"Fri, Feb 28, 2020",9:00p,Detroit Pistons,113,Phoenix Suns,111,Box Score,,"17,142",
"Fri, Feb 28, 2020",9:00p,Washington Wizards,119,Utah Jazz,129,Box Score,,"18,306",
"Fri, Feb 28, 2020",10:30p,Denver Nuggets,103,Los Angeles Clippers,132,Box Score,,"19,068",
"Sat, Feb 29, 2020",5:00p,Chicago Bulls,115,New York Knicks,125,Box Score,,"19,812",
"Sat, Feb 29, 2020",7:30p,Portland Trail Blazers,117,Atlanta Hawks,129,Box Score,,"17,765",
"Sat, Feb 29, 2020",7:30p,Brooklyn Nets,113,Miami Heat,116,Box Score,,"19,600",
"Sat, Feb 29, 2020",8:00p,Indiana Pacers,113,Cleveland Cavaliers,104,Box Score,,"19,432",
"Sat, Feb 29, 2020",8:00p,Los Angeles Lakers,88,Memphis Grizzlies,105,Box Score,,"17,794",
"Sat, Feb 29, 2020",8:30p,Houston Rockets,111,Boston Celtics,110,Box Score,OT,"19,156",
"Sat, Feb 29, 2020",8:30p,Orlando Magic,113,San Antonio Spurs,114,Box Score,,"18,354",
"Sat, Feb 29, 2020",9:00p,Golden State Warriors,115,Phoenix Suns,99,Box Score,,"16,395",
"Sun, Mar 1, 2020",1:00p,Milwaukee Bucks,93,Charlotte Hornets,85,Box Score,,"19,149",
"Sun, Mar 1, 2020",3:30p,Philadelphia 76ers,130,Los Angeles Clippers,136,Box Score,,"19,068",
"Sun, Mar 1, 2020",3:30p,Dallas Mavericks,111,Minnesota Timberwolves,91,Box Score,,"18,058",
"Sun, Mar 1, 2020",6:00p,Toronto Raptors,118,Denver Nuggets,133,Box Score,,"19,777",
"Sun, Mar 1, 2020",6:00p,Detroit Pistons,100,Sacramento Kings,106,Box Score,,"17,499",
"Sun, Mar 1, 2020",8:00p,Los Angeles Lakers,122,New Orleans Pelicans,114,Box Score,,"18,547",
"Sun, Mar 1, 2020",8:30p,Washington Wizards,124,Golden State Warriors,110,Box Score,,"18,064",
"Mon, Mar 2, 2020",7:00p,Utah Jazz,126,Cleveland Cavaliers,113,Box Score,,"15,453",
"Mon, Mar 2, 2020",7:00p,Houston Rockets,123,New York Knicks,125,Box Score,,"18,142",
"Mon, Mar 2, 2020",7:00p,Portland Trail Blazers,130,Orlando Magic,107,Box Score,,"18,078",
"Mon, Mar 2, 2020",7:30p,Memphis Grizzlies,127,Atlanta Hawks,88,Box Score,,"16,207",
"Mon, Mar 2, 2020",7:30p,Milwaukee Bucks,89,Miami Heat,105,Box Score,,"19,600",
"Mon, Mar 2, 2020",8:00p,Dallas Mavericks,107,Chicago Bulls,109,Box Score,,"18,407",
"Mon, Mar 2, 2020",8:30p,Indiana Pacers,116,San Antonio Spurs,111,Box Score,,"17,635",
"Tue, Mar 3, 2020",7:00p,San Antonio Spurs,104,Charlotte Hornets,103,Box Score,,"12,008",
"Tue, Mar 3, 2020",7:30p,Brooklyn Nets,129,Boston Celtics,120,Box Score,OT,"19,156",
"Tue, Mar 3, 2020",8:00p,Minnesota Timberwolves,139,New Orleans Pelicans,134,Box Score,,"15,264",
"Tue, Mar 3, 2020",8:00p,Los Angeles Clippers,109,Oklahoma City Thunder,94,Box Score,,"18,203",
"Tue, Mar 3, 2020",9:00p,Golden State Warriors,116,Denver Nuggets,100,Box Score,,"19,520",
"Tue, Mar 3, 2020",9:00p,Toronto Raptors,123,Phoenix Suns,114,Box Score,,"15,553",
"Tue, Mar 3, 2020",10:00p,Philadelphia 76ers,107,Los Angeles Lakers,120,Box Score,,"18,997",
"Tue, Mar 3, 2020",10:00p,Washington Wizards,126,Sacramento Kings,133,Box Score,,"16,419",
"Wed, Mar 4, 2020",7:00p,Boston Celtics,112,Cleveland Cavaliers,106,Box Score,,"16,897",
"Wed, Mar 4, 2020",7:00p,Oklahoma City Thunder,114,Detroit Pistons,107,Box Score,,"15,138",
"Wed, Mar 4, 2020",7:00p,Indiana Pacers,100,Milwaukee Bucks,119,Box Score,,"17,695",
"Wed, Mar 4, 2020",7:30p,Memphis Grizzlies,118,Brooklyn Nets,79,Box Score,,"16,941",
"Wed, Mar 4, 2020",7:30p,Utah Jazz,112,New York Knicks,104,Box Score,,"16,588",
"Wed, Mar 4, 2020",7:30p,Orlando Magic,113,Miami Heat,116,Box Score,,"19,600",
"Wed, Mar 4, 2020",8:00p,Chicago Bulls,108,Minnesota Timberwolves,115,Box Score,,"13,392",
"Wed, Mar 4, 2020",9:30p,New Orleans Pelicans,123,Dallas Mavericks,127,Box Score,OT,"20,459",
"Wed, Mar 4, 2020",10:00p,Washington Wizards,104,Portland Trail Blazers,125,Box Score,,"19,393",
"Thu, Mar 5, 2020",7:00p,Denver Nuggets,114,Charlotte Hornets,112,Box Score,,"13,311",
"Thu, Mar 5, 2020",8:00p,Los Angeles Clippers,120,Houston Rockets,105,Box Score,,"18,055",
"Thu, Mar 5, 2020",10:00p,Philadelphia 76ers,125,Sacramento Kings,108,Box Score,,"15,485",
"Thu, Mar 5, 2020",10:30p,Toronto Raptors,121,Golden State Warriors,113,Box Score,,"18,064",
"Fri, Mar 6, 2020",7:00p,Atlanta Hawks,112,Washington Wizards,118,Box Score,,"17,856",
"Fri, Mar 6, 2020",7:30p,San Antonio Spurs,120,Brooklyn Nets,139,Box Score,,"16,277",
"Fri, Mar 6, 2020",7:30p,Oklahoma City Thunder,126,New York Knicks,103,Box Score,,"19,499",
"Fri, Mar 6, 2020",8:00p,Indiana Pacers,108,Chicago Bulls,102,Box Score,,"20,229",
"Fri, Mar 6, 2020",8:00p,Orlando Magic,132,Minnesota Timberwolves,118,Box Score,,"14,315",
"Fri, Mar 6, 2020",8:00p,Miami Heat,104,New Orleans Pelicans,110,Box Score,,"18,384",
"Fri, Mar 6, 2020",8:00p,Utah Jazz,99,Boston Celtics,94,Box Score,,"19,156",
"Fri, Mar 6, 2020",8:30p,Memphis Grizzlies,96,Dallas Mavericks,121,Box Score,,"20,370",
"Fri, Mar 6, 2020",9:00p,Portland Trail Blazers,117,Phoenix Suns,127,Box Score,,"15,522",
"Fri, Mar 6, 2020",10:30p,Milwaukee Bucks,103,Los Angeles Lakers,113,Box Score,,"18,997",
"Sat, Mar 7, 2020",5:00p,Houston Rockets,99,Charlotte Hornets,108,Box Score,,"19,159",
"Sat, Mar 7, 2020",7:00p,Utah Jazz,111,Detroit Pistons,105,Box Score,,"16,590",
"Sat, Mar 7, 2020",7:30p,Denver Nuggets,102,Cleveland Cavaliers,104,Box Score,,"19,432",
"Sat, Mar 7, 2020",8:00p,Atlanta Hawks,101,Memphis Grizzlies,118,Box Score,,"17,117",
"Sat, Mar 7, 2020",8:30p,Philadelphia 76ers,114,Golden State Warriors,118,Box Score,,"18,064",
"Sat, Mar 7, 2020",10:00p,Sacramento Kings,123,Portland Trail Blazers,111,Box Score,,"19,691",
"Sun, Mar 8, 2020",3:00p,Chicago Bulls,107,Brooklyn Nets,110,Box Score,,"15,916",
"Sun, Mar 8, 2020",3:30p,New Orleans Pelicans,120,Minnesota Timberwolves,107,Box Score,,"18,978",
"Sun, Mar 8, 2020",3:30p,Los Angeles Lakers,112,Los Angeles Clippers,103,Box Score,,"19,068",
"Sun, Mar 8, 2020",6:00p,Oklahoma City Thunder,105,Boston Celtics,104,Box Score,,"19,156",
"Sun, Mar 8, 2020",6:00p,Milwaukee Bucks,131,Phoenix Suns,140,Box Score,,"17,282",
"Sun, Mar 8, 2020",7:00p,Miami Heat,100,Washington Wizards,89,Box Score,,"18,135",
"Sun, Mar 8, 2020",7:00p,Indiana Pacers,112,Dallas Mavericks,109,Box Score,,"20,324",
"Sun, Mar 8, 2020",7:00p,Orlando Magic,126,Houston Rockets,106,Box Score,,"18,055",
"Sun, Mar 8, 2020",7:30p,Detroit Pistons,84,New York Knicks,96,Box Score,,"18,361",
"Sun, Mar 8, 2020",7:30p,San Antonio Spurs,129,Cleveland Cavaliers,132,Box Score,OT,"17,995",
"Sun, Mar 8, 2020",9:00p,Toronto Raptors,118,Sacramento Kings,113,Box Score,,"16,449",
"Mon, Mar 9, 2020",7:30p,Charlotte Hornets,138,Atlanta Hawks,143,Box Score,2OT,"14,399",
"Mon, Mar 9, 2020",9:00p,Milwaukee Bucks,95,Denver Nuggets,109,Box Score,,"19,838",
"Mon, Mar 9, 2020",9:00p,Toronto Raptors,101,Utah Jazz,92,Box Score,,"18,306",
"Tue, Mar 10, 2020",7:00p,New York Knicks,115,Washington Wizards,122,Box Score,,"15,048",
"Tue, Mar 10, 2020",7:00p,Boston Celtics,114,Indiana Pacers,111,Box Score,,"17,053",
"Tue, Mar 10, 2020",8:00p,Minnesota Timberwolves,111,Houston Rockets,117,Box Score,,"18,055",
"Tue, Mar 10, 2020",8:00p,Dallas Mavericks,109,San Antonio Spurs,119,Box Score,,"18,354",
"Tue, Mar 10, 2020",8:00p,Orlando Magic,120,Memphis Grizzlies,115,Box Score,,"15,388",
"Tue, Mar 10, 2020",8:00p,Cleveland Cavaliers,103,Chicago Bulls,108,Box Score,,"17,837",
"Tue, Mar 10, 2020",10:00p,Phoenix Suns,105,Portland Trail Blazers,121,Box Score,,"19,393",
"Tue, Mar 10, 2020",10:30p,Brooklyn Nets,104,Los Angeles Lakers,102,Box Score,,"18,997",
"Tue, Mar 10, 2020",10:30p,Los Angeles Clippers,131,Golden State Warriors,107,Box Score,,"18,064",
"Wed, Mar 11, 2020",7:00p,Detroit Pistons,106,Philadelphia 76ers,124,Box Score,,"20,172",
"Wed, Mar 11, 2020",7:30p,New York Knicks,136,Atlanta Hawks,131,Box Score,OT,"15,393",
"Wed, Mar 11, 2020",7:30p,Charlotte Hornets,109,Miami Heat,98,Box Score,,"19,600",
"Wed, Mar 11, 2020",8:00p,Denver Nuggets,97,Dallas Mavericks,113,Box Score,,"20,302",
"Thu, Jul 30, 2020",6:30p,Utah Jazz,106,New Orleans Pelicans,104,Box Score,,,
"Thu, Jul 30, 2020",9:00p,Los Angeles Clippers,101,Los Angeles Lakers,103,Box Score,,,
"Fri, Jul 31, 2020",2:30p,Orlando Magic,128,Brooklyn Nets,118,Box Score,,0,
"Fri, Jul 31, 2020",4:00p,Memphis Grizzlies,135,Portland Trail Blazers,140,Box Score,OT,,
"Fri, Jul 31, 2020",4:00p,Phoenix Suns,125,Washington Wizards,112,Box Score,,,
"Fri, Jul 31, 2020",6:30p,Boston Celtics,112,Milwaukee Bucks,119,Box Score,,,
"Fri, Jul 31, 2020",8:00p,Sacramento Kings,120,San Antonio Spurs,129,Box Score,,,
"Fri, Jul 31, 2020",9:00p,Houston Rockets,153,Dallas Mavericks,149,Box Score,OT,,
"Sat, Aug 1, 2020",1:00p,Miami Heat,125,Denver Nuggets,105,Box Score,,,
"Sat, Aug 1, 2020",3:30p,Utah Jazz,94,Oklahoma City Thunder,110,Box Score,,,
"Sat, Aug 1, 2020",6:00p,New Orleans Pelicans,103,Los Angeles Clippers,126,Box Score,,,
"Sat, Aug 1, 2020",7:00p,Philadelphia 76ers,121,Indiana Pacers,127,Box Score,,,
"Sat, Aug 1, 2020",8:30p,Los Angeles Lakers,92,Toronto Raptors,107,Box Score,,,
"Sun, Aug 2, 2020",2:00p,Washington Wizards,110,Brooklyn Nets,118,Box Score,,,
"Sun, Aug 2, 2020",3:30p,Portland Trail Blazers,124,Boston Celtics,128,Box Score,,,
"Sun, Aug 2, 2020",4:00p,San Antonio Spurs,108,Memphis Grizzlies,106,Box Score,,,
"Sun, Aug 2, 2020",6:00p,Sacramento Kings,116,Orlando Magic,132,Box Score,,,
"Sun, Aug 2, 2020",8:30p,Milwaukee Bucks,116,Houston Rockets,120,Box Score,,,
"Sun, Aug 2, 2020",9:00p,Dallas Mavericks,115,Phoenix Suns,117,Box Score,,,
"Mon, Aug 3, 2020",1:30p,Toronto Raptors,107,Miami Heat,103,Box Score,,,
"Mon, Aug 3, 2020",4:00p,Indiana Pacers,111,Washington Wizards,100,Box Score,,,
"Mon, Aug 3, 2020",4:00p,Denver Nuggets,121,Oklahoma City Thunder,113,Box Score,OT,,
"Mon, Aug 3, 2020",6:30p,Memphis Grizzlies,99,New Orleans Pelicans,109,Box Score,,,
"Mon, Aug 3, 2020",8:00p,San Antonio Spurs,130,Philadelphia 76ers,132,Box Score,,,
"Mon, Aug 3, 2020",9:00p,Los Angeles Lakers,116,Utah Jazz,108,Box Score,,,
"Tue, Aug 4, 2020",1:30p,Brooklyn Nets,119,Milwaukee Bucks,116,Box Score,,,
"Tue, Aug 4, 2020",2:30p,Dallas Mavericks,114,Sacramento Kings,110,Box Score,OT,,
"Tue, Aug 4, 2020",4:00p,Phoenix Suns,117,Los Angeles Clippers,115,Box Score,,,
"Tue, Aug 4, 2020",6:00p,Orlando Magic,109,Indiana Pacers,120,Box Score,,,
"Tue, Aug 4, 2020",6:30p,Boston Celtics,106,Miami Heat,112,Box Score,,,
"Tue, Aug 4, 2020",9:00p,Houston Rockets,102,Portland Trail Blazers,110,Box Score,,,
"Wed, Aug 5, 2020",2:30p,Memphis Grizzlies,115,Utah Jazz,124,Box Score,,,
"Wed, Aug 5, 2020",4:00p,Philadelphia 76ers,107,Washington Wizards,98,Box Score,,,
"Wed, Aug 5, 2020",4:00p,Denver Nuggets,132,San Antonio Spurs,126,Box Score,,,
"Wed, Aug 5, 2020",6:30p,Oklahoma City Thunder,105,Los Angeles Lakers,86,Box Score,,,
"Wed, Aug 5, 2020",8:00p,Toronto Raptors,109,Orlando Magic,99,Box Score,,,
"Wed, Aug 5, 2020",9:00p,Brooklyn Nets,115,Boston Celtics,149,Box Score,,,
"Thu, Aug 6, 2020",1:30p,New Orleans Pelicans,125,Sacramento Kings,140,Box Score,,,
"Thu, Aug 6, 2020",4:00p,Miami Heat,116,Milwaukee Bucks,130,Box Score,,,
"Thu, Aug 6, 2020",4:00p,Indiana Pacers,99,Phoenix Suns,114,Box Score,,,
"Thu, Aug 6, 2020",6:30p,Los Angeles Clippers,126,Dallas Mavericks,111,Box Score,,,
"Thu, Aug 6, 2020",8:00p,Portland Trail Blazers,125,Denver Nuggets,115,Box Score,,,
"Thu, Aug 6, 2020",9:00p,Los Angeles Lakers,97,Houston Rockets,113,Box Score,,,
"Fri, Aug 7, 2020",1:00p,Utah Jazz,111,San Antonio Spurs,119,Box Score,,,
"Fri, Aug 7, 2020",4:00p,Oklahoma City Thunder,92,Memphis Grizzlies,121,Box Score,,,
"Fri, Aug 7, 2020",5:00p,Sacramento Kings,106,Brooklyn Nets,119,Box Score,,,
"Fri, Aug 7, 2020",6:30p,Orlando Magic,101,Philadelphia 76ers,108,Box Score,,,
"Fri, Aug 7, 2020",8:00p,Washington Wizards,107,New Orleans Pelicans,118,Box Score,,,
"Fri, Aug 7, 2020",9:00p,Boston Celtics,122,Toronto Raptors,100,Box Score,,,
"Sat, Aug 8, 2020",1:00p,Los Angeles Clippers,122,Portland Trail Blazers,117,Box Score,,,
"Sat, Aug 8, 2020",3:30p,Utah Jazz,132,Denver Nuggets,134,Box Score,2OT,,
"Sat, Aug 8, 2020",6:00p,Los Angeles Lakers,111,Indiana Pacers,116,Box Score,,,
"Sat, Aug 8, 2020",7:30p,Phoenix Suns,119,Miami Heat,112,Box Score,,,
"Sat, Aug 8, 2020",8:30p,Milwaukee Bucks,132,Dallas Mavericks,136,Box Score,OT,,
"Sun, Aug 9, 2020",12:30p,Washington Wizards,103,Oklahoma City Thunder,121,Box Score,,,
"Sun, Aug 9, 2020",2:00p,Memphis Grizzlies,99,Toronto Raptors,108,Box Score,,,
"Sun, Aug 9, 2020",3:00p,San Antonio Spurs,122,New Orleans Pelicans,113,Box Score,,,
"Sun, Aug 9, 2020",5:00p,Orlando Magic,119,Boston Celtics,122,Box Score,OT,,
"Sun, Aug 9, 2020",6:30p,Philadelphia 76ers,121,Portland Trail Blazers,124,Box Score,,,
"Sun, Aug 9, 2020",8:00p,Houston Rockets,129,Sacramento Kings,112,Box Score,,,
"Sun, Aug 9, 2020",9:00p,Brooklyn Nets,129,Los Angeles Clippers,120,Box Score,,,
"Mon, Aug 10, 2020",2:30p,Oklahoma City Thunder,101,Phoenix Suns,128,Box Score,,,
"Mon, Aug 10, 2020",3:00p,Dallas Mavericks,122,Utah Jazz,114,Box Score,,,
"Mon, Aug 10, 2020",6:30p,Toronto Raptors,114,Milwaukee Bucks,106,Box Score,,,
"Mon, Aug 10, 2020",8:00p,Indiana Pacers,92,Miami Heat,114,Box Score,,,
"Mon, Aug 10, 2020",9:00p,Denver Nuggets,121,Los Angeles Lakers,124,Box Score,,,
"Tue, Aug 11, 2020",1:00p,Brooklyn Nets,108,Orlando Magic,96,Box Score,,,
"Tue, Aug 11, 2020",2:00p,Houston Rockets,105,San Antonio Spurs,123,Box Score,,,
"Tue, Aug 11, 2020",4:30p,Phoenix Suns,130,Philadelphia 76ers,117,Box Score,,,
"Tue, Aug 11, 2020",5:00p,Boston Celtics,122,Memphis Grizzlies,107,Box Score,,,
"Tue, Aug 11, 2020",6:30p,Portland Trail Blazers,134,Dallas Mavericks,131,Box Score,,,
"Tue, Aug 11, 2020",9:00p,Milwaukee Bucks,126,Washington Wizards,113,Box Score,,,
"Tue, Aug 11, 2020",9:00p,New Orleans Pelicans,106,Sacramento Kings,112,Box Score,,,
"Wed, Aug 12, 2020",4:00p,Indiana Pacers,108,Houston Rockets,104,Box Score,,,
"Wed, Aug 12, 2020",6:30p,Toronto Raptors,125,Philadelphia 76ers,121,Box Score,,,
"Wed, Aug 12, 2020",8:00p,Miami Heat,115,Oklahoma City Thunder,116,Box Score,,,
"Wed, Aug 12, 2020",9:00p,Los Angeles Clippers,124,Denver Nuggets,111,Box Score,,,
"Thu, Aug 13, 2020",12:00p,Washington Wizards,96,Boston Celtics,90,Box Score,,,
"Thu, Aug 13, 2020",1:30p,Sacramento Kings,136,Los Angeles Lakers,122,Box Score,,,
"Thu, Aug 13, 2020",4:00p,Dallas Mavericks,102,Phoenix Suns,128,Box Score,,,
"Thu, Aug 13, 2020",4:00p,Milwaukee Bucks,106,Memphis Grizzlies,119,Box Score,,,
"Thu, Aug 13, 2020",6:30p,San Antonio Spurs,112,Utah Jazz,118,Box Score,,,
"Thu, Aug 13, 2020",9:00p,New Orleans Pelicans,127,Orlando Magic,133,Box Score,,,
"Thu, Aug 13, 2020",9:00p,Portland Trail Blazers,134,Brooklyn Nets,133,Box Score,,,
"Fri, Aug 14, 2020",1:30p,Denver Nuggets,109,Toronto Raptors,117,Box Score,,,
"Fri, Aug 14, 2020",4:00p,Miami Heat,92,Indiana Pacers,109,Box Score,,,
"Fri, Aug 14, 2020",6:30p,Oklahoma City Thunder,103,Los Angeles Clippers,107,Box Score,OT,,
"Fri, Aug 14, 2020",9:00p,Philadelphia 76ers,134,Houston Rockets,96,Box Score,,,
"Sat, Aug 15, 2020",2:30p,Memphis Grizzlies,122,Portland Trail Blazers,126,Box Score,,,
"Mon, Aug 17, 2020",1:30p,Utah Jazz,125,Denver Nuggets,135,Box Score,OT,,
"Mon, Aug 17, 2020",4:00p,Brooklyn Nets,110,Toronto Raptors,134,Box Score,,,
"Mon, Aug 17, 2020",6:30p,Philadelphia 76ers,101,Boston Celtics,109,Box Score,,,
"Mon, Aug 17, 2020",9:00p,Dallas Mavericks,110,Los Angeles Clippers,118,Box Score,,,
"Tue, Aug 18, 2020",1:30p,Orlando Magic,122,Milwaukee Bucks,110,Box Score,,,
"Tue, Aug 18, 2020",4:00p,Miami Heat,113,Indiana Pacers,101,Box Score,,,
"Tue, Aug 18, 2020",6:30p,Oklahoma City Thunder,108,Houston Rockets,123,Box Score,,,
"Tue, Aug 18, 2020",9:00p,Portland Trail Blazers,100,Los Angeles Lakers,93,Box Score,,,
"Wed, Aug 19, 2020",1:30p,Brooklyn Nets,99,Toronto Raptors,104,Box Score,,,
"Wed, Aug 19, 2020",4:00p,Utah Jazz,124,Denver Nuggets,105,Box Score,,,
"Wed, Aug 19, 2020",6:30p,Philadelphia 76ers,101,Boston Celtics,128,Box Score,,,
"Wed, Aug 19, 2020",9:00p,Dallas Mavericks,127,Los Angeles Clippers,114,Box Score,,,
"Thu, Aug 20, 2020",1:00p,Miami Heat,109,Indiana Pacers,100,Box Score,,,
"Thu, Aug 20, 2020",3:30p,Oklahoma City Thunder,98,Houston Rockets,111,Box Score,,,
"Thu, Aug 20, 2020",6:00p,Orlando Magic,96,Milwaukee Bucks,111,Box Score,,,
"Thu, Aug 20, 2020",9:00p,Portland Trail Blazers,88,Los Angeles Lakers,111,Box Score,,,
"Fri, Aug 21, 2020",1:30p,Toronto Raptors,117,Brooklyn Nets,92,Box Score,,,
"Fri, Aug 21, 2020",4:00p,Denver Nuggets,87,Utah Jazz,124,Box Score,,,
"Fri, Aug 21, 2020",6:30p,Boston Celtics,102,Philadelphia 76ers,94,Box Score,,,
"Fri, Aug 21, 2020",9:00p,Los Angeles Clippers,130,Dallas Mavericks,122,Box Score,,,
"Sat, Aug 22, 2020",1:00p,Milwaukee Bucks,121,Orlando Magic,107,Box Score,,,
"Sat, Aug 22, 2020",3:30p,Indiana Pacers,115,Miami Heat,124,Box Score,,,
"Sat, Aug 22, 2020",6:00p,Houston Rockets,107,Oklahoma City Thunder,119,Box Score,OT,,
"Sat, Aug 22, 2020",8:30p,Los Angeles Lakers,116,Portland Trail Blazers,108,Box Score,,,
"Sun, Aug 23, 2020",1:00p,Boston Celtics,110,Philadelphia 76ers,106,Box Score,,,
"Sun, Aug 23, 2020",3:30p,Los Angeles Clippers,133,Dallas Mavericks,135,Box Score,OT,,
"Sun, Aug 23, 2020",6:30p,Toronto Raptors,150,Brooklyn Nets,122,Box Score,,,
"Sun, Aug 23, 2020",9:00p,Denver Nuggets,127,Utah Jazz,129,Box Score,,,
"Mon, Aug 24, 2020",1:30p,Milwaukee Bucks,121,Orlando Magic,106,Box Score,,,
"Mon, Aug 24, 2020",4:00p,Houston Rockets,114,Oklahoma City Thunder,117,Box Score,,,
"Mon, Aug 24, 2020",6:30p,Indiana Pacers,87,Miami Heat,99,Box Score,,,
"Mon, Aug 24, 2020",9:00p,Los Angeles Lakers,135,Portland Trail Blazers,115,Box Score,,,
"Tue, Aug 25, 2020",6:30p,Utah Jazz,107,Denver Nuggets,117,Box Score,,,
"Tue, Aug 25, 2020",9:00p,Dallas Mavericks,111,Los Angeles Clippers,154,Box Score,,,
"Sat, Aug 29, 2020",3:30p,Orlando Magic,104,Milwaukee Bucks,118,Box Score,,,
"Sat, Aug 29, 2020",6:30p,Oklahoma City Thunder,80,Houston Rockets,114,Box Score,,,
"Sat, Aug 29, 2020",9:00p,Portland Trail Blazers,122,Los Angeles Lakers,131,Box Score,,,
"Sun, Aug 30, 2020",1:00p,Boston Celtics,112,Toronto Raptors,94,Box Score,,,
"Sun, Aug 30, 2020",3:30p,Los Angeles Clippers,111,Dallas Mavericks,97,Box Score,,,
"Sun, Aug 30, 2020",8:30p,Denver Nuggets,119,Utah Jazz,107,Box Score,,,
"Mon, Aug 31, 2020",6:30p,Miami Heat,115,Milwaukee Bucks,104,Box Score,,,
"Mon, Aug 31, 2020",9:00p,Houston Rockets,100,Oklahoma City Thunder,104,Box Score,,,
"Tue, Sep 1, 2020",5:30p,Boston Celtics,102,Toronto Raptors,99,Box Score,,,
"Tue, Sep 1, 2020",8:30p,Utah Jazz,78,Denver Nuggets,80,Box Score,,,
"Wed, Sep 2, 2020",6:30p,Miami Heat,116,Milwaukee Bucks,114,Box Score,,,
"Wed, Sep 2, 2020",9:00p,Oklahoma City Thunder,102,Houston Rockets,104,Box Score,,,
"Thu, Sep 3, 2020",6:30p,Toronto Raptors,104,Boston Celtics,103,Box Score,,,
"Thu, Sep 3, 2020",9:00p,Denver Nuggets,97,Los Angeles Clippers,120,Box Score,,,
"Fri, Sep 4, 2020",6:30p,Milwaukee Bucks,100,Miami Heat,115,Box Score,,,
"Fri, Sep 4, 2020",9:00p,Houston Rockets,112,Los Angeles Lakers,97,Box Score,,,
"Sat, Sep 5, 2020",6:30p,Toronto Raptors,100,Boston Celtics,93,Box Score,,,
"Sat, Sep 5, 2020",9:00p,Denver Nuggets,110,Los Angeles Clippers,101,Box Score,,,
"Sun, Sep 6, 2020",3:30p,Milwaukee Bucks,118,Miami Heat,115,Box Score,OT,,
"Sun, Sep 6, 2020",8:30p,Houston Rockets,109,Los Angeles Lakers,117,Box Score,,,
"Mon, Sep 7, 2020",6:30p,Boston Celtics,111,Toronto Raptors,89,Box Score,,,
"Mon, Sep 7, 2020",9:00p,Los Angeles Clippers,113,Denver Nuggets,107,Box Score,,,
"Tue, Sep 8, 2020",6:30p,Miami Heat,103,Milwaukee Bucks,94,Box Score,,,
"Tue, Sep 8, 2020",9:00p,Los Angeles Lakers,112,Houston Rockets,102,Box Score,,,
"Wed, Sep 9, 2020",6:30p,Toronto Raptors,125,Boston Celtics,122,Box Score,2OT,,
"Wed, Sep 9, 2020",9:00p,Los Angeles Clippers,96,Denver Nuggets,85,Box Score,,,
"Thu, Sep 10, 2020",7:00p,Los Angeles Lakers,110,Houston Rockets,100,Box Score,,,
"Fri, Sep 11, 2020",6:30p,Denver Nuggets,111,Los Angeles Clippers,105,Box Score,,,
"Fri, Sep 11, 2020",9:00p,Boston Celtics,92,Toronto Raptors,87,Box Score,,,
"Sat, Sep 12, 2020",8:00p,Houston Rockets,96,Los Angeles Lakers,119,Box Score,,,
"Sun, Sep 13, 2020",1:00p,Los Angeles Clippers,98,Denver Nuggets,111,Box Score,,,
"Tue, Sep 15, 2020",6:30p,Miami Heat,117,Boston Celtics,114,Box Score,OT,,
"Tue, Sep 15, 2020",9:00p,Denver Nuggets,104,Los Angeles Clippers,89,Box Score,,,
"Thu, Sep 17, 2020",7:00p,Miami Heat,106,Boston Celtics,101,Box Score,,,
"Fri, Sep 18, 2020",9:00p,Denver Nuggets,114,Los Angeles Lakers,126,Box Score,,,
"Sat, Sep 19, 2020",8:30p,Boston Celtics,117,Miami Heat,106,Box Score,,,
"Sun, Sep 20, 2020",7:30p,Denver Nuggets,103,Los Angeles Lakers,105,Box Score,,,
"Tue, Sep 22, 2020",9:00p,Los Angeles Lakers,106,Denver Nuggets,114,Box Score,,,
"Wed, Sep 23, 2020",8:30p,Boston Celtics,109,Miami Heat,112,Box Score,,,
"Thu, Sep 24, 2020",9:00p,Los Angeles Lakers,114,Denver Nuggets,108,Box Score,,,
"Fri, Sep 25, 2020",8:30p,Miami Heat,108,Boston Celtics,121,Box Score,,,
"Sat, Sep 26, 2020",9:00p,Denver Nuggets,107,Los Angeles Lakers,117,Box Score,,,
"Sun, Sep 27, 2020",7:30p,Boston Celtics,113,Miami Heat,125,Box Score,,,
"Wed, Sep 30, 2020",9:00p,Miami Heat,98,Los Angeles Lakers,116,Box Score,,,
